{
  "bitrate_bps": 2.2435834782021477e+37,
  "tb_per_sec": 2.804479347752685e+24,
  "latency": 0.0,
  "status": "stable_for_data"
}
